検索順位,URL,サマリー
1,python.jp: プログラミング言語 Python 総合情報サイト,https://www.python.jp/
2,Welcome to Python.org,https://www.python.org/
3,,"https://online.dhw.co.jp/kuritama/about-python/#:~:text=Python%E3%81%AF%E3%82%AA%E3%83%BC%E3%83%97%E3%83%B3%E3%82%BD%E3%83%BC%E3%82%B9%E3%81%A7,%E8%A8%80%E8%AA%9E%E3%81%A8%E3%81%84%E3%81%88%E3%82%8B%E3%81%A7%E3%81%97%E3%82%87%E3%81%86%E3%80%82"
4,,https://www.sejuku.net/blog/3863
5,,"https://freelance-start.com/articles/408#:~:text=Python%E3%81%AE%E7%BF%92%E5%BE%97%E6%99%82%E9%96%93%E3%81%AF,%E8%80%83%E3%81%88%E3%82%8B%E3%81%AE%E3%81%8B%E3%81%8C%E9%87%8D%E8%A6%81%E3%81%A7%E3%81%99%E3%80%82"
6,,https://x-tech.pasona.co.jp/media/detail.html?p=2104
7,Python,https://ja.wikipedia.org/wiki/Python
8,【入門】Pythonとは｜活用事例やメリット、できること、学習方法 ...,https://www.skillupai.com/blog/tech/about-python/
9,Python チュートリアル  Python 3.12.5 ドキュメント,https://docs.python.org/ja/3/tutorial/
10,"初めてのPython 第3版 : Mark Lutz, 夏目 大: 本",https://www.amazon.co.jp/%E5%88%9D%E3%82%81%E3%81%A6%E3%81%AEPython-%E7%AC%AC3%E7%89%88-Mark-Lutz/dp/4873113938
11,Python試験・資格、データ分析試験・資格を運営する一般社団 ...,https://www.pythonic-exam.com/
12,ゼロからのPython入門講座,https://www.python.jp/train/index.html
13,Python | プログラミングの入門なら基礎から学べる ...,https://prog-8.com/courses/python
14,新・Python入門編 | プログラミング学習サイト【paiza ...,https://paiza.jp/works/python/new-primer
15,Pythonの開発環境を用意しよう！（Windows）,https://prog-8.com/docs/python-env-win
16,Pythonとは？開発に役立つ使い方、トレンド記事やtips,https://qiita.com/tags/python
17,独習Python | 山田 祥寛 |本 | 通販,https://www.amazon.co.jp/%E7%8B%AC%E7%BF%92Python-%E5%B1%B1%E7%94%B0-%E7%A5%A5%E5%AF%9B/dp/4798163643
18,Python試験・資格,https://www.pythonic-exam.com/exam
19,Pythonとは？プログラミング言語の用途を初心者向けに解説,https://coeteco.jp/articles/10661
20,Pythonエンジニア認定試験 - Odyssey CBT,https://cbt.odyssey-com.co.jp/pythonic-exam/
21,【Python速習】Pythonの基本を2時間半で学ぶ！〜初心者用 ...,https://www.youtube.com/watch?v=tCMl1AWfhQQ
22,［Python入門］Pythonってどんな言語なの？ - ITmedia,https://atmarkit.itmedia.co.jp/ait/articles/1904/02/news024.html
23,とほほのPython入門,https://www.tohoho-web.com/python/
24,Pythonとは？特徴や世の中における活用事例、学習方法 ...,https://www.rd.ntt/se/media/article/0074.html
25,Python入門,https://www.isc.meiji.ac.jp/~be00085/Python3/index.html
26,PyQ | Pythonで一歩踏み出すあなたのための、独学 ...,https://pyq.jp/
27,Pythonプログラミング入門,https://utokyo-ipp.github.io/
28,Pythonとは？3分で分かる人気の理由と基礎知識,https://cacco.co.jp/datascience/blog/glossary/1648/
29,【入門】Pythonとは？どんなプログラム言語を活用事例や ...,https://online.dhw.co.jp/kuritama/about-python/
30,Pythonとは？大人気プログラミング言語のメリットや活用事例 ...,https://www.internetacademy.jp/it/programming/programming-basic/what-is-python.html
31,プログラミング言語とは？15種類のプログラミング言語を難易度 ...,https://programming-sc.com/column/column1/
32,Python-izm | Python の入門から応用までをサポートする学習 ...,https://www.python-izm.com/
